id,N,kf,rho_length_density
CC00063AN06_15102,735,33.64625850340136,-0.2816331704965296
CC00063BN06_15104,733,37.19781718963165,-0.3265005053314064
CC00065XX08_18600,735,37.072108843537414,-0.2525437273988202
CC00066XX09_19200,734,35.48773841961853,-0.2568865774183371
CC00067XX10_20200,732,39.23497267759563,-0.31114382937103974
CC00068XX11_20701,734,38.38692098092643,-0.20824956811543247
CC00069XX12_26300,734,33.55313351498638,-0.22434349300626003
CC00070XX05_26700,732,35.84699453551912,-0.23599968946617508
CC00071XX06_27000,734,35.67029972752044,-0.2815803223004087
CC00072XX07_27600,735,30.900680272108843,-0.2690479614236398
CC00073XX08_27800,734,34.38692098092643,-0.25138644586566045
CC00074XX09_28000,732,31.792349726775956,-0.2627647105672908
CC00075XX10_28400,734,33.20708446866485,-0.2526708567537044
CC00076XX11_28700,728,33.464285714285715,-0.2810473481437026
CC00078XX13_29900,734,37.49591280653951,-0.258019423315316
CC00079XX14_30000,734,34.99455040871935,-0.20247204282502404
CC00080XX07_30300,736,36.77445652173913,-0.24608744982832534
CC00082XX09_30700,735,35.265306122448976,-0.22679583214471982
CC00083XX10_30900,736,32.98641304347826,-0.21782107262682285
CC00084XX11_31201,735,30.827210884353743,-0.229548837268584
CC00086XX13_31500,731,32.5827633378933,-0.17263993232038502
CC00087AN14_31800,737,34.526458616010856,-0.27839243073676384
CC00087AN14_38800,735,34.60408163265306,-0.257238764838816
CC00087BN14_32100,733,37.268758526603,-0.2768740844452738
CC00088XX15_31801,734,36.73297002724796,-0.2650620533474551
CC00089XX16_32101,734,33.49318801089918,-0.23007096138850638
CC00091XX10_32300,735,33.68707482993197,-0.22778076371557932
CC00094AN13_33500,735,36.77278911564626,-0.22882226573860306
CC00094BN13_33301,733,35.41609822646657,-0.23558498779418052
CC00095XX14_33501,733,38.07912687585266,-0.250289036740303
CC00096XX15_33700,732,34.33606557377049,-0.23827007967146518
CC00097XX16_33701,735,32.28027210884354,-0.1879010313568911
CC00098AN17_30500,732,32.03005464480874,-0.28251197448991144
CC00098AN17_33702,735,38.08163265306123,-0.2671375925387567
CC00098BN17_33900,732,29.975409836065573,-0.23170477897096087
CC00099AN18_34200,732,31.437158469945356,-0.28178133447079373
CC00099BN18_34201,735,35.077551020408166,-0.26830752609195074
CC00100XX01_35000,734,31.55040871934605,-0.23454135657798433
CC00101XX02_35001,732,31.62568306010929,-0.26780394546616576
CC00102XX03_35200,731,35.54035567715458,-0.23411977321176164
CC00103XX04_35300,736,34.04347826086956,-0.25862920840425146
CC00104XX05_35800,736,32.63858695652174,-0.21620807411238482
CC00105XX06_35801,733,33.315143246930425,-0.2244829040639662
CC00106XX07_36100,735,33.352380952380955,-0.27486508289768385
CC00107XX08_36300,736,33.62228260869565,-0.20278012930084835
CC00108XX09_36800,735,37.46122448979592,-0.25320441581070663
CC00109XX10_36901,733,31.446111869031377,-0.2599042601536235
CC00110XX03_37000,733,34.234652114597544,-0.2277560110023619
CC00111XX04_37002,733,34.327421555252386,-0.19547796294062053
CC00112XX05_37001,732,35.75409836065574,-0.2795640982039043
CC00113XX06_37200,736,34.296195652173914,-0.2627752239469958
CC00114XX07_37100,733,34.28103683492497,-0.2660403753450054
CC00115XX08_37801,732,34.0,-0.2639758785127349
CC00116XX09_38001,734,35.85013623978202,-0.25645814604439005
CC00117XX10_38200,736,32.59782608695652,-0.23815545855254797
CC00119XX12_39400,732,32.622950819672134,-0.18343371836761366
CC00120XX05_41600,732,32.76775956284153,-0.282967428040261
CC00121XX06_41700,735,34.91156462585034,-0.27436224044200974
CC00122XX07_42000,733,35.75989085948158,-0.23515319818747124
CC00124XX09_42302,734,36.403269754768395,-0.2847713356982549
CC00126XX11_43100,736,33.171195652173914,-0.2591098419676506
CC00127XX12_43200,731,33.198358413132695,-0.23360705017490604
CC00129AN14_43500,733,32.177353342428376,-0.28316145616566796
CC00129BN14_43701,735,35.65986394557823,-0.30054219559105233
CC00130XX07_44001,732,33.34699453551912,-0.22298413801047504
CC00131XX08_44200,735,35.55374149659864,-0.20781811564964758
CC00132XX09_44400,735,34.38367346938775,-0.2665708646905844
CC00133XX10_44500,735,36.138775510204084,-0.2652317700729388
CC00134XX11_44600,734,35.11716621253406,-0.23663770871284362
CC00135AN12_44900,732,35.94808743169399,-0.29732597797661225
CC00135AN12_54400,733,35.97817189631651,-0.25497710319612116
CC00135BN12_44704,732,40.09016393442623,-0.27573179431336886
CC00135BN12_54500,732,35.28142076502732,-0.24191856966197448
CC00136AN13_45100,732,41.03551912568306,-0.2852871292741684
CC00136AN13_64201,735,36.62312925170068,-0.23721222319210705
CC00136BN13_45000,736,40.69021739130435,-0.2879575983632189
CC00138XX15_46200,735,32.522448979591836,-0.2441265962727425
CC00139XX16_49101,734,35.80926430517711,-0.23717169929729054
CC00143AN12_47501,730,32.43561643835616,-0.2872943046425939
CC00143BN12_47600,735,35.863945578231295,-0.23446440064076854
CC00144XX13_47701,734,32.217983651226156,-0.2392168647538046
CC00145XX14_48100,737,36.36906377204885,-0.2828545195701276
CC00146XX15_48400,735,34.8843537414966,-0.24100904391554853
CC00147XX16_48500,734,37.02179836512261,-0.2889147885662618
CC00149XX18_49000,734,35.299727520435965,-0.2143043891890527
CC00150AN02_54800,737,39.210312075983715,-0.28541175231452925
CC00150BN02_49100,734,41.583106267029976,-0.25772215218936056
CC00152AN04_49200,736,38.33967391304348,-0.28519691388663404
CC00152AN04_65700,731,36.41313269493844,-0.24587014978182392
CC00153XX05_50300,733,37.915416098226466,-0.25208847822792224
CC00154XX06_50700,736,38.39673913043478,-0.26333162103168306
CC00155XX07_51300,733,33.99181446111869,-0.2316236206392456
CC00157XX09_51900,735,36.100680272108846,-0.2587779493097806
CC00158XX10_52200,729,33.87379972565158,-0.22048438671296297
CC00159XX11_52600,732,32.51639344262295,-0.2370292418785638
CC00160XX04_52700,734,35.762942779291556,-0.2532211447081923
CC00161XX05_53100,731,33.712722298221614,-0.2613419707897371
CC00162XX06_53600,735,36.09795918367347,-0.21099570188922961
CC00163XX07_53701,734,30.152588555858312,-0.23486480935820464
CC00164XX08_54000,733,33.95907230559345,-0.2259795876340543
CC00165XX09_54600,733,36.35470668485675,-0.2755699203204192
CC00168XX12_55700,731,31.20109439124487,-0.2011981962108814
CC00170XX06_56100,734,33.19346049046322,-0.25550390747760704
CC00171XX07_56300,732,35.150273224043715,-0.25742489403156193
CC00172AN08_56901,735,34.797278911564625,-0.28462567398372907
CC00172BN08_57300,730,32.441095890410956,-0.24100443015213238
CC00174XX10_57200,733,33.096862210095495,-0.2437698241498222
CC00176XX12_57600,736,36.36684782608695,-0.22353810402707155
CC00177XX13_58500,734,34.57765667574932,-0.31263852032760836
CC00178XX14_58600,733,36.196452933151434,-0.23896231711186536
CC00179XX15_58800,733,31.923601637107776,-0.2350617254602462
CC00180XX08_59500,733,30.949522510231922,-0.18751837855902143
CC00181XX09_60000,735,37.863945578231295,-0.26090643337690617
CC00182XX10_60200,733,33.5525238744884,-0.22550518573912165
CC00183XX11_60300,735,33.02857142857143,-0.2776654471945005
CC00184XX12_60501,734,33.72207084468665,-0.23374710771235113
CC00185XX13_60800,733,31.227830832196453,-0.27428166701451884
CC00186AN14_60900,732,35.91256830601093,-0.23560861669056365
CC00186BN14_61000,732,33.46174863387978,-0.2086748996744897
CC00189XX17_62301,733,31.402455661664394,-0.22871418387086973
CC00191XX11_65200,734,31.40599455040872,-0.2678338444368979
CC00192AN12_64301,735,33.368707482993194,-0.2624867957613007
CC00193XX13_64400,732,33.49180327868852,-0.2245291120216723
CC00194XX14_65401,734,34.71117166212534,-0.2540900179108209
CC00195XX15_65800,735,30.451700680272108,-0.23327003461654572
CC00197XX17_66500,735,33.05034013605442,-0.24255467371988784
CC00198XX18_66600,734,32.828337874659404,-0.2628233880474123
CC00199XX19_66700,733,34.03274215552524,-0.2458868097849512
CC00200XX02_67204,735,34.5687074829932,-0.256534052294392
CC00201XX03_67600,733,33.48431105047749,-0.21573180107317422
CC00202XX04_67800,735,38.628571428571426,-0.23370980318865694
CC00203XX05_69500,733,37.001364256480215,-0.24859232583077023
CC00204XX06_69900,735,37.47482993197279,-0.21619746932436848
CC00205XX07_70000,736,34.60054347826087,-0.21985938940959843
CC00206XX08_70100,734,35.10899182561308,-0.2517340054654528
CC00207XX09_88700,732,33.256830601092894,-0.2729198601791288
CC00209XX11_70400,736,32.108695652173914,-0.23890272583616376
CC00216AN10_73100,733,32.50204638472033,-0.2577945053380044
CC00216BN10_73200,732,31.75409836065574,-0.1806701135182172
CC00217XX11_73700,734,37.07629427792916,-0.25783397157459803
CC00218AN12_74801,732,35.63661202185792,-0.2557102635199244
CC00218AN12_85900,734,36.37057220708447,-0.25424177366678047
CC00218BN12_74800,733,36.97407912687585,-0.2534849958670277
CC00219XX13_86600,734,36.52316076294278,-0.2525945985247419
CC00221XX07_75000,735,31.67074829931973,-0.26145962258857636
CC00223XX09_75900,732,32.256830601092894,-0.27003875158491325
CC00227XX13_76601,736,37.05978260869565,-0.15550651230976387
CC00227XX13_92100,734,35.01634877384196,-0.24764657320463246
CC00231XX09_77701,729,32.1920438957476,-0.26174342460563715
CC00236XX14_78700,733,34.69849931787176,-0.2717075912275159
CC00237XX15_79300,733,36.07094133697135,-0.2783649147867359
CC00238AN16_80300,733,35.656207366984994,-0.2577634335967825
CC00238BN16_80400,733,38.72851296043656,-0.2643861090175553
CC00244XX14_81200,732,34.18306010928962,-0.23346513590096302
CC00245AN15_82304,734,29.934604904632153,-0.24150002431155151
CC00245AN15_94300,733,33.69986357435198,-0.23561074879436664
CC00245BN15_82600,734,35.48228882833787,-0.22571286982501013
CC00245BN15_94400,733,33.56343792633015,-0.20549486402302125
CC00247XX17_82801,736,32.328804347826086,-0.2509578459029381
CC00248XX18_83000,736,34.06521739130435,-0.3040667201740485
CC00248XX18_92700,736,34.869565217391305,-0.1985386816152143
CC00250XX03_83700,731,31.19015047879617,-0.2527559654546523
CC00251XX04_83800,733,31.7462482946794,-0.20792006412130096
CC00252XX05_84000,732,35.513661202185794,-0.21625807914966194
CC00254XX07_84300,735,36.98231292517007,-0.24570407474318945
CC00255XX08_84400,736,32.54076086956522,-0.22871347352490895
CC00257XX10_84700,734,34.46049046321526,-0.27422699424605546
CC00258XX11_84900,735,35.61904761904762,-0.2693760422072327
CC00259XX12_85100,735,34.61768707482993,-0.2846691697397056
CC00260XX05_85300,733,37.90177353342428,-0.263630175062511
CC00265XX10_86901,734,35.555858310626704,-0.26041341040131605
CC00267XX12_87700,735,33.27074829931973,-0.20665480868381458
CC00268XX13_87800,735,33.57278911564626,-0.28086585867846386
CC00269XX14_88300,737,34.80597014925373,-0.27505349244177657
CC00270XX07_88600,734,36.7275204359673,-0.25280715342363735
CC00271XX08_100400,736,34.64673913043478,-0.20871961598086827
CC00271XX08_88900,734,35.967302452316076,-0.2422442139532378
CC00272XX09_117900,731,37.96169630642955,-0.2302540813785854
CC00281AN10_90400,736,35.98097826086956,-0.2782011609415363
CC00281BN10_90500,736,33.02173913043478,-0.31774368138857045
CC00284AN13_111400,732,34.28142076502732,-0.30395897523602466
CC00284AN13_90701,733,39.15416098226466,-0.2893003380276397
CC00284BN13_111500,736,35.046195652173914,-0.2487810482704528
CC00284BN13_90801,733,37.0450204638472,-0.3456100348703024
CC00286XX15_91700,736,35.28532608695652,-0.2630454363125651
CC00287BN16_93900,734,34.335149863760215,-0.23502310379359728
CC00289XX18_119700,732,36.478142076502735,-0.23389887173656843
CC00290XX11_92900,734,38.346049046321525,-0.24344054756937034
CC00291XX12_93100,737,35.76662143826323,-0.2238857258005761
CC00292XX13_93800,732,33.21584699453552,-0.2690155341935879
CC00293AN14_97401,736,39.828804347826086,-0.2942656803086113
CC00293BN14_97500,731,38.97127222982216,-0.2814660747034258
CC00298XX19_94700,735,32.10340136054422,-0.2303265098058517
CC00300XX03_96000,730,33.88767123287671,-0.2999089662526825
CC00301XX04_113001,735,33.98095238095238,-0.2819438967339401
CC00301XX04_96400,731,35.20109439124487,-0.29308963977717084
CC00302XX05_113500,735,40.02721088435374,-0.29246085072772704
CC00303XX06_96900,734,33.43051771117166,-0.22105362664235326
CC00304XX07_111600,729,35.832647462277095,-0.30158783936558203
CC00305XX08_115700,731,34.13953488372093,-0.2599657392701188
CC00305XX08_98101,733,37.45156889495225,-0.3271153717803026
CC00306XX09_98700,732,34.19398907103825,-0.23914395601089145
CC00307XX10_98800,735,36.372789115646256,-0.24790528497753023
CC00308XX11_98900,732,32.52732240437158,-0.2653744903097283
CC00309BN12_99400,735,34.03265306122449,-0.22948395443696523
CC00313XX08_100000,735,33.17006802721088,-0.2569722471875307
CC00314XX09_100101,735,34.946938775510205,-0.23355795401160312
CC00316XX11_101300,729,33.03155006858711,-0.2488990909570214
CC00319XX14_117300,735,31.058503401360543,-0.23479492745279978
CC00320XX07_102300,729,34.62002743484225,-0.26147566111731785
CC00321XX08_102700,735,40.816326530612244,-0.168476201650359
CC00324XX11_111200,735,34.95510204081633,-0.24829701844403337
CC00325XX12_103900,736,32.20108695652174,-0.23936893484683444
CC00326XX13_104100,736,33.84510869565217,-0.2895474118055599
CC00326XX13_118800,734,31.370572207084468,-0.27531157749935975
CC00328XX15_104800,733,33.90723055934516,-0.20898605167564865
CC00329XX16_105400,733,32.96862210095498,-0.2633815704682002
CC00332XX11_105700,734,30.93732970027248,-0.25823793132803835
CC00333XX12_105800,734,40.94277929155314,-0.3164187046954931
CC00334XX13_106100,732,30.112021857923498,-0.21187826533189158
CC00337XX16_107000,736,32.432065217391305,-0.2633412146661985
CC00338AN17_107700,734,34.15803814713897,-0.26996742056323786
CC00338BN17_107600,732,33.22950819672131,-0.2797428405405501
CC00339XX18_107200,734,34.42234332425068,-0.21831241988285358
CC00341XX12_108000,733,33.470668485675304,-0.27377481742609316
CC00342XX13_108300,734,30.743869209809265,-0.2255164738953182
CC00343XX14_108500,732,38.814207650273225,-0.25274457320699106
CC00344XX15_108600,734,34.99455040871935,-0.2248528604643676
CC00345XX16_109000,734,32.59945504087194,-0.2904590779420897
CC00347XX18_109600,735,36.66938775510204,-0.24377578403852274
CC00348XX19_110200,735,33.542857142857144,-0.26812976063824384
CC00349XX20_110300,736,39.47826086956522,-0.2898107773297008
CC00350XX04_109100,732,34.797814207650276,-0.29458472415399833
CC00351XX05_109500,735,34.33469387755102,-0.27194093459986796
CC00352XX06_110700,732,33.18306010928962,-0.2935203823123525
CC00353XX07_111000,733,35.14051841746248,-0.25553532970872594
CC00354XX08_112100,735,33.333333333333336,-0.24504151976131366
CC00355XX09_112600,733,31.080491132332877,-0.2545687591804746
CC00356XX10_112901,734,35.88555858310627,-0.2500247968170035
CC00357XX11_113900,733,34.177353342428376,-0.27242750205630184
CC00361XX07_111700,734,36.92370572207084,-0.3289900763014777
CC00361XX07_120500,735,35.61632653061225,-0.2726708100408613
CC00362XX08_114500,728,30.395604395604394,-0.24001579848343252
CC00363XX09_114900,731,34.53077975376197,-0.23786150939720202
CC00364XX10_115200,734,34.961852861035425,-0.21933105028321456
CC00366XX12_116300,735,36.63401360544218,-0.24775491256642057
CC00367XX13_116000,735,37.79319727891156,-0.2658150211765922
CC00368XX14_116600,735,31.782312925170068,-0.25073356452273304
CC00370XX08_142400,734,33.664850136239785,-0.2725879864800743
CC00371XX09_134700,735,31.69251700680272,-0.27585977728766276
CC00376XX14_118400,735,37.142857142857146,-0.25928867912696213
CC00377XX15_119800,732,36.967213114754095,-0.2920475818810002
CC00378XX16_120200,733,34.54024556616644,-0.2724814352981823
CC00379XX17_120400,731,31.43638850889193,-0.2662298210563863
CC00380XX10_121200,732,41.459016393442624,-0.28294728310446626
CC00382XX12_121700,733,32.9849931787176,-0.26040441443671625
CC00383XX13_121800,734,34.25068119891008,-0.24560537269329458
CC00384XX14_122200,732,33.51092896174863,-0.3052881219768953
CC00385XX15_118500,732,33.41530054644809,-0.2289036052233274
CC00385XX15_125700,735,32.582312925170065,-0.26622693709304274
CC00389XX19_119100,731,40.85362517099863,-0.29693603991118817
CC00389XX19_133800,734,37.3433242506812,-0.2641644454946877
CC00395XX17_121300,734,42.09809264305177,-0.26968084787817953
CC00395XX17_129500,731,35.00410396716826,-0.3244058120109491
CC00397XX19_122700,733,31.36698499317872,-0.26871771681365086
CC00398XX20_123100,734,39.84741144414169,-0.24925701663275013
CC00399XX21_123400,731,35.477428180574556,-0.27866978635498796
CC00400XX04_123700,731,32.52530779753762,-0.23747157979637692
CC00401XX05_123900,734,34.29700272479564,-0.28806569293846845
CC00402XX06_124300,733,34.30286493860846,-0.2576165832619223
CC00403XX07_124400,736,35.41576086956522,-0.2956522773116889
CC00404XX08_124500,732,33.23224043715847,-0.28070294844371496
CC00405XX09_124900,733,33.72442019099591,-0.2694339227286167
CC00406XX10_122900,735,38.155102040816324,-0.24315021945422496
CC00406XX10_129200,736,35.80978260869565,-0.27163615144366077
CC00407AN11_124000,736,36.34510869565217,-0.30250582505399914
CC00407AN11_137100,737,34.15739484396201,-0.26765719645938435
CC00407BN11_124100,737,41.82089552238806,-0.2366834094099915
CC00408XX12_125500,732,32.177595628415304,-0.2838938704769864
CC00409XX13_125600,736,38.671195652173914,-0.2793206090314211
CC00410XX06_125800,733,32.439290586630285,-0.24323618577511832
CC00411XX07_126200,730,32.827397260273976,-0.29209805481754325
CC00412XX08_126301,732,35.013661202185794,-0.2505001406544206
CC00413XX09_127100,733,33.06139154160982,-0.22672150063097082
CC00414XX10_127300,735,35.031292517006804,-0.28064837345211185
CC00415XX11_127400,736,33.05978260869565,-0.2749677912851627
CC00416XX12_128900,734,35.05177111716621,-0.2748023604696573
CC00417XX13_129000,736,33.26358695652174,-0.2511143436061241
CC00418AN14_125200,733,34.69849931787176,-0.31032627942003865
CC00418AN14_130200,735,34.32380952380952,-0.2608278707901671
CC00418BN14_125300,730,34.47397260273973,-0.3051160550929097
CC00418BN14_130300,734,34.920980926430516,-0.26825408165546655
CC00421AN09_126000,733,31.312414733969987,-0.2668061989074883
CC00421BN09_126100,731,33.499316005471954,-0.27772860359731183
CC00422XX10_127800,736,34.98913043478261,-0.28574712473112684
CC00423XX11_127200,736,33.0,-0.31103889590413836
CC00424XX12_129400,733,33.29604365620737,-0.2624608045636539
CC00425XX13_129800,733,32.12551159618008,-0.24626630626324467
CC00426XX14_129900,732,33.71857923497268,-0.2693661769500178
CC00427XX15_130100,735,33.06938775510204,-0.2377918993685602
CC00428XX16_130400,733,32.311050477489765,-0.27335857334784597
CC00429XX17_130900,729,33.94787379972565,-0.3309706084683402
CC00430XX10_131100,732,32.295081967213115,-0.23612816950652762
CC00431XX11_131500,733,31.443383356070942,-0.26722769759203313
CC00432XX12_131800,737,35.67706919945726,-0.26063306077509935
CC00433XX13_132000,730,31.035616438356165,-0.2365101507422034
CC00434AN14_127700,732,30.849726775956285,-0.28531346863071355
CC00438XX18_156800,731,32.02735978112175,-0.2466728389820742
CC00439XX19_132100,733,34.55934515688949,-0.24488631451084453
CC00440XX12_132200,734,33.13623978201635,-0.25450075395819033
CC00441XX13_132902,733,33.915416098226466,-0.26271401138055495
CC00442XX14_133300,731,30.80437756497948,-0.22004146646241066
CC00443XX15_133900,736,34.82336956521739,-0.25746540491580877
CC00444XX16_135101,735,37.39047619047619,-0.305951003658308
CC00445XX17_134800,733,40.027285129604365,-0.21711885722110727
CC00446XX18_135200,734,32.66212534059945,-0.291841320593719
CC00447XX19_135600,734,34.63760217983651,-0.3046575044136917
CC00448XX20_135800,733,31.541609822646656,-0.23010225384066121
CC00450XX05_136100,731,33.660738714090286,-0.2688809975419594
CC00451XX06_137000,734,37.58038147138964,-0.31891718328571217
CC00453XX08_136600,735,37.74149659863946,-0.28486325310988236
CC00454XX09_137600,734,33.70844686648501,-0.29500169408553917
CC00455XX10_137700,732,32.40163934426229,-0.2806315176875953
CC00457XX12_138601,730,34.03013698630137,-0.2669120688780443
CC00458XX13_138900,736,38.61684782608695,-0.32709049775822047
CC00461XX08_175100,733,32.903137789904505,-0.2307045497490124
CC00462XX09_134100,730,32.416438356164385,-0.28922851440403385
CC00465XX12_137900,735,40.57142857142857,-0.2545907238815848
CC00466AN13_138400,736,37.53804347826087,-0.2856808760206733
CC00466BN13_138300,733,33.70804911323329,-0.325246387015499
CC00467XX14_139000,733,30.733969986357437,-0.2560347870419593
CC00468XX15_139100,734,29.989100817438693,-0.22108220697060618
CC00469XX16_139200,730,31.97808219178082,-0.27337904584766987
CC00470XX09_139600,735,31.752380952380953,-0.27441241831054186
CC00472XX11_140000,734,39.63487738419619,-0.30875420441245377
CC00473XX12_140100,734,29.787465940054496,-0.26109802255116893
CC00474XX13_140500,736,36.90217391304348,-0.2518982445787106
CC00475XX14_141400,733,32.29467939972715,-0.26701419620902306
CC00476XX15_141500,734,32.49591280653951,-0.2751480241234284
CC00477XX16_141600,733,30.763983628922237,-0.25589096835110325
CC00478XX17_141601,736,34.08967391304348,-0.293187161941497
CC00479XX18_141608,737,35.563093622795115,-0.23820238833901108
CC00480XX11_141609,733,33.23328785811733,-0.23455099456689768
CC00481XX12_141800,730,34.293150684931504,-0.27288322998196646
CC00482XX13_142000,736,34.04891304347826,-0.23841253580600164
CC00483XX14_144200,733,33.47885402455662,-0.2571342317760255
CC00484XX15_142700,735,34.987755102040815,-0.2902432562043811
CC00485XX16_143100,734,34.52316076294278,-0.2836252797061841
CC00486XX17_144300,734,39.427792915531334,-0.3240103431894817
CC00489XX20_138800,733,35.60982264665757,-0.28648177178783607
CC00489XX20_142900,732,35.423497267759565,-0.29967203472384535
CC00492AN15_140900,736,42.27717391304348,-0.24672610199754558
CC00492BN15_140800,731,35.47469220246238,-0.3013357108254286
CC00497XX20_144500,732,36.89890710382514,-0.24284526043360297
CC00498XX21_144900,733,39.24965893587994,-0.2463021111886356
CC00499XX22_145800,734,34.36239782016349,-0.26723322988039283
CC00500XX05_145900,736,32.85326086956522,-0.22901929442455501
CC00501XX06_146500,736,33.48913043478261,-0.24867362850907757
CC00502XX07_146700,735,33.74149659863946,-0.2982995710207942
CC00504XX09_146800,733,32.59754433833561,-0.28749261988017305
CC00505XX10_146900,735,32.775510204081634,-0.21255481246843627
CC00507XX12_148202,733,32.97407912687585,-0.27601972663576146
CC00508XX13_148700,733,32.52387448840382,-0.25415228991278943
CC00509XX14_148800,734,32.059945504087196,-0.24106245113223884
CC00511XX08_149000,734,31.13351498637602,-0.27295991948841525
CC00512XX09_150700,733,33.40791268758527,-0.2443896362242011
CC00513XX10_150000,732,32.986338797814206,-0.27333536810961623
CC00515XX12_152600,732,33.99180327868852,-0.28181299288501904
CC00516XX13_152902,734,35.16076294277929,-0.29569302364678524
CC00517XX14_145000,734,38.35422343324251,-0.21042984570871304
CC00517XX14_159200,733,32.88403819918145,-0.28066408030992485
CC00518XX15_145700,735,40.99047619047619,-0.23666225142247452
CC00518XX15_166600,732,37.650273224043715,-0.30325069216447526
CC00520XX09_150201,733,34.91678035470669,-0.2888414384414459
CC00525XX14_150600,730,41.273972602739725,-0.23859715131176146
CC00525XX14_165900,733,42.941336971350616,-0.3257275044379469
CC00526XX15_150500,733,31.350613915416098,-0.3061357754545068
CC00526XX15_169900,732,34.72950819672131,-0.27628417154244295
CC00527XX16_184400,731,31.01778385772914,-0.29641278736781856
CC00528XX17_183200,732,34.73497267759563,-0.2833495415151262
CC00529AN18_151300,732,37.24863387978142,-0.23551239798109777
CC00529AN18_170000,736,33.34782608695652,-0.23127542333765896
CC00529BN18_151200,736,40.34510869565217,-0.30408979890084953
CC00529BN18_170100,732,32.73224043715847,-0.2999498975505904
CC00530XX11_153600,734,40.51771117166213,-0.2983400923387374
CC00530XX11_181301,732,34.669398907103826,-0.31806353689419914
CC00532XX13_154200,730,34.342465753424655,-0.25253328745959697
CC00534XX15_155100,730,35.47671232876712,-0.2839872714595616
CC00535XX16_155600,735,34.06530612244898,-0.24493115620489567
CC00536XX17_156900,731,30.74418604651163,-0.2506985124633862
CC00537XX18_157100,735,33.50476190476191,-0.27236358403307104
CC00538XX19_157200,734,34.01907356948229,-0.31236060933350157
CC00540XX13_164400,733,33.70532060027285,-0.23735169859640232
CC00542XX15_165800,733,30.72305593451569,-0.28570707286833635
CC00544XX17_169300,734,34.32425068119891,-0.30359560243633993
CC00545XX18_170400,733,38.97407912687585,-0.3088700545398275
CC00546XX19_173100,736,30.877717391304348,-0.26036130036484345
CC00547XX20_157300,732,39.3551912568306,-0.21290974743242044
CC00548XX21_157400,732,33.17213114754098,-0.2707785972905979
CC00549XX22_157600,735,34.23673469387755,-0.2582790684771659
CC00550XX06_157800,736,34.567934782608695,-0.2568685260056143
CC00551XX07_158001,735,36.089795918367344,-0.27793500631152357
CC00552XX08_159300,731,34.10123119015048,-0.2924766436903448
CC00553XX09_159000,734,33.37057220708447,-0.25833047051092456
CC00554XX10_160200,735,36.775510204081634,-0.23108969039949337
CC00555XX11_162400,734,31.61035422343324,-0.21195333557497742
CC00556XX12_162902,733,35.23601637107776,-0.303896947759327
CC00557XX13_163400,737,33.687924016282224,-0.18881951127107297
CC00558XX14_164100,731,33.723666210670316,-0.28606460772750947
CC00561XX09_159900,734,32.18801089918256,-0.24797286790429154
CC00562XX10_191900,734,32.53133514986376,-0.24761923182658105
CC00563XX11_153900,736,33.57608695652174,-0.29000304793301884
CC00564XX12_154100,735,38.45170068027211,-0.28958466385337256
CC00566XX14_164500,735,38.54965986394558,-0.2498353692335061
CC00568XX16_198900,734,34.97275204359673,-0.2592523538173759
CC00569XX17_158300,732,31.240437158469945,-0.2582660663089709
CC00569XX17_170600,730,30.02191780821918,-0.2601034137281082
CC00570XX10_158900,736,34.421195652173914,-0.24439988664886933
CC00571AN11_159101,732,37.0792349726776,-0.32796382525508316
CC00572BN12_161400,735,33.62176870748299,-0.2617393698973518
CC00572CN12_161200,735,36.69931972789116,-0.2597500563615774
CC00576XX16_163200,733,41.89085948158254,-0.26447724560452535
CC00576XX16_178200,727,32.20357634112792,-0.259482052845065
CC00577XX17_180400,734,33.55313351498638,-0.28636329398681454
CC00578BN18_164800,732,33.97540983606557,-0.2931998655345378
CC00580XX12_173700,731,33.07797537619699,-0.29860515833385004
CC00581XX13_177101,734,33.41961852861036,-0.2672001636826595
CC00582XX14_178300,733,34.95225102319236,-0.2735216458513344
CC00583XX15_178600,735,31.368707482993198,-0.2849258211230591
CC00584XX16_178800,732,33.19398907103825,-0.27435487928679886
CC00585XX17_178900,732,35.49726775956284,-0.256617068031999
CC00586XX18_179000,734,32.46866485013624,-0.30561290128726165
CC00587XX19_180300,733,34.068212824010914,-0.24998693448581938
CC00588XX20_183600,733,33.219645293315146,-0.2445599959314727
CC00589XX21_184000,733,34.48840381991815,-0.24290248584808216
CC00590XX14_187000,733,34.1418826739427,-0.2747100140329604
CC00592XX16_188800,731,29.3406292749658,-0.2751387937263358
CC00593XX17_189401,734,32.817438692098094,-0.306196793132686
CC00594XX18_189800,733,34.908594815825374,-0.2448468782102065
CC00595XX19_189900,734,33.776566757493185,-0.23936848596460014
CC00596XX20_190100,733,33.45156889495225,-0.2624150929323975
CC00597XX21_190200,735,33.3469387755102,-0.2341105215345861
CC00598XX22_190300,734,34.35422343324251,-0.26208543147370866
CC00600XX06_175800,733,41.32878581173261,-0.3112730357079046
CC00600XX06_192200,734,35.53133514986376,-0.2971279696132504
CC00605XX11_172700,733,33.186903137789905,-0.2625627167262626
CC00605XX11_187700,733,35.17326057298772,-0.30495904702317006
CC00607XX13_179300,735,39.80408163265306,-0.2181614072029024
CC00613XX11_181601,733,30.733969986357437,-0.26516800333757284
CC00616XX14_184700,735,33.24081632653061,-0.2583805347581341
CC00617XX15_176500,731,33.19015047879617,-0.3088581628899086
CC00617XX15_188400,736,35.35326086956522,-0.27025420920238347
CC00618XX16_177201,735,41.077551020408166,-0.3073734627750619
CC00620XX10_210900,732,30.636612021857925,-0.28759630672374836
CC00621XX11_177900,734,50.16348773841962,-0.3252444308571716
CC00621XX11_195900,732,31.010928961748633,-0.27828018770152435
CC00622XX12_185600,733,33.21145975443383,-0.2568656530484332
CC00627XX17_180600,729,31.98079561042524,-0.29569291466114
CC00628XX18_181800,730,35.367123287671234,-0.2928212834544458
CC00628XX18_193500,733,34.27830832196453,-0.27669949093598334
CC00629XX19_182000,734,42.264305177111716,-0.26568521387755994
CC00629XX19_198100,734,32.99455040871935,-0.2821649388994025
CC00632XX14_183300,736,32.6875,-0.2474870840024053
CC00632XX14_196000,731,32.21887824897401,-0.28649008527337827
CC00634AN16_184100,731,39.11080711354309,-0.2971428124510972
CC00639XX21_216800,736,31.108695652173914,-0.2919094878184024
CC00642XX16_218100,734,31.237057220708447,-0.2866025540715679
CC00647XX21_190801,731,32.25170998632011,-0.2832794338218088
CC00648XX22_191100,735,31.561904761904763,-0.27168385256887045
CC00648XX22_204400,732,33.467213114754095,-0.27518680856998845
CC00649XX23_191201,733,32.346521145975444,-0.3286664102269393
CC00650XX07_218007,730,32.18082191780822,-0.2327370338980228
CC00652XX09_191600,731,33.857729138166896,-0.255290659032476
CC00653XX10_191801,733,31.822646657571624,-0.25307286291246595
CC00654XX11_192000,735,31.262585034013604,-0.25431396379726495
CC00656XX13_217601,735,31.812244897959182,-0.2840573206633488
CC00657XX14_193700,732,39.40983606557377,-0.2813254908410183
CC00657XX14_212200,737,35.47082767978291,-0.2754514282262686
CC00660XX09_215900,734,31.48773841961853,-0.28715381561682635
CC00661XX10_195801,736,40.34239130434783,-0.3065972601090192
CC00661XX10_209600,733,29.91268758526603,-0.2742816474446736
CC00663XX12_195000,731,35.378932968536255,-0.27606344834441904
CC00664XX13_195200,734,31.787465940054496,-0.268747552813181
CC00666XX15_198200,733,42.343792633015006,-0.29618091383601486
CC00666XX15_212100,734,33.10899182561308,-0.2652004439249654
CC00667XX16_196800,733,36.643929058663026,-0.29490676726216325
CC00669XX18_214300,731,32.6922024623803,-0.28305581532268986
CC00670XX11_197200,734,31.53133514986376,-0.2682618717082334
CC00671XX12_197400,732,35.3551912568306,-0.2682922006571298
CC00672AN13_197601,732,39.36338797814208,-0.26921982016413015
CC00672BN13_200000,732,39.724043715846996,-0.2723127361860374
CC00672BN13_214800,736,37.10326086956522,-0.3107431622066387
CC00675XX16_219100,734,35.68392370572207,-0.2805131127162944
CC00685XX18_226100,733,32.2237380627558,-0.23962167456259764
CC00686XX19_198800,735,38.42993197278911,-0.27587658104081414
CC00686XX19_209100,732,32.76775956284153,-0.24589061535784537
CC00687XX20_199000,734,29.013623978201636,-0.2574745602283851
CC00688XX21_199500,728,33.44230769230769,-0.2802073336946259
CC00688XX21_205500,736,36.07608695652174,-0.25852861152992795
CC00689XX22_199800,731,32.81258549931601,-0.3321837371129492
CC00689XX22_207400,736,33.453804347826086,-0.2492708217623242
CC00693XX18_201000,735,32.628571428571426,-0.25124125531525426
CC00694XX19_201800,735,38.93605442176871,-0.316298090198453
CC00694XX19_228100,734,36.356948228882835,-0.30148008673785914
CC00695XX20_202600,732,35.368852459016395,-0.27078373993965105
CC00697XX22_219701,734,32.49591280653951,-0.2565019999026793
CC00698XX23_220400,734,34.80381471389646,-0.2833800857090058
CC00702AN09_204600,729,30.954732510288064,-0.2798331732581734
CC00702BN09_204500,731,32.965800273597814,-0.2972361977195481
CC00703XX10_206101,735,35.2,-0.31961866845970793
CC00705XX12_226000,733,34.80491132332879,-0.3019415944772087
CC00712XX11_221400,734,33.26702997275204,-0.2792456313540367
CC00712XX11_232701,731,29.816689466484267,-0.26479311614052464
CC00713XX12_229000,730,33.21369863013699,-0.28002417694748233
CC00714XX13_240900,732,32.16393442622951,-0.2993289646216392
CC00716XX15_222800,731,33.198358413132695,-0.29905229945819045
CC00718XX17_210400,735,38.97414965986395,-0.3263085318348007
CC00719XX18_210600,734,32.23978201634878,-0.21780184787666618
CC00720XX11_211101,733,30.305593451568896,-0.2854946575299226
CC00723XX14_211900,736,34.89402173913044,-0.27599970338759816
CC00723XX14_224100,733,32.07912687585266,-0.26874499429006116
CC00728AN19_214100,734,31.66485013623978,-0.25889482305111894
CC00731XX14_214500,734,32.520435967302454,-0.26965370882223066
CC00734XX17_216900,732,32.41803278688525,-0.24570084208259435
CC00735XX18_222201,736,39.15489130434783,-0.30191692822551175
CC00736XX19_247000,736,31.95923913043478,-0.32538465633749686
CC00740XX15_238400,734,31.673024523160763,-0.283223794071107
CC00741XX16_218900,734,31.070844686648503,-0.2678313053589438
CC00744XX19_221001,735,33.434013605442175,-0.2602702820520318
CC00747XX22_222000,734,43.10626702997275,-0.2220961871575473
CC00747XX22_238600,733,32.35197817189631,-0.30548167653457803
CC00753XX11_223600,734,31.760217983651227,-0.2887525235882911
CC00754AN12_223800,735,37.35510204081633,-0.26139613552564644
CC00754BN12_223701,736,35.55434782608695,-0.23797062519299453
CC00757XX15_12010,733,33.30968622100955,-0.26875232175643404
CC00760XX10_229500,733,35.429740791268756,-0.3170408229818998
CC00764AN14_231800,732,32.87431693989071,-0.2814156100564081
CC00764BN14_231702,731,35.25854993160055,-0.3280485266570082
CC00765XX15_8210,730,34.57534246575342,-0.280074585789677
CC00766XX16_4200,730,29.715068493150685,-0.314004416665377
CC00768XX18_236400,734,36.53950953678474,-0.300066157408266
CC00769XX19_6410,734,33.30790190735695,-0.24954152498010787
CC00770XX12_1100,732,37.47267759562842,-0.3087798235661434
CC00770XX12_238000,732,30.15573770491803,-0.3035381742500903
CC00771XX13_17710,735,36.522448979591836,-0.2688845321231566
CC00777XX19_239102,732,37.39617486338798,-0.2918537532250656
CC00782XX16_240100,736,37.1875,-0.2873359189262207
CC00785XX19_240700,732,34.53005464480874,-0.2798582630635124
CC00787XX21_19010,734,34.561307901907355,-0.25577636976862445
CC00788XX22_243000,734,33.97820163487739,-0.2901294740708812
CC00789XX23_21110,735,29.632653061224488,-0.23942657351573995
CC00791XX17_27611,734,34.89100817438692,-0.2969093331747102
CC00792XX18_1800,733,35.44338335607094,-0.27970171626494683
CC00792XX18_244200,731,34.85909712722298,-0.3086656118753476
CC00793XX19_28610,735,33.180952380952384,-0.29876402278196135
CC00797XX23_12110,736,35.18478260869565,-0.3107689122398597
CC00797XX23_6210,732,33.81147540983606,-0.3091380211653694
CC00798XX24_245400,732,32.494535519125684,-0.30638054810100857
CC00799XX25_23810,730,32.97534246575343,-0.2617401041198659
CC00801XX09_29510,735,34.922448979591834,-0.3069472281452213
CC00802XX10_1000,732,41.685792349726775,-0.24453836535603327
CC00804XX12_9310,733,32.065484311050476,-0.25346286495319503
CC00805XX13_1700,733,38.24556616643929,-0.31812219091511806
CC00805XX13_24210,736,34.45923913043478,-0.2833512837172187
CC00810XX10_29010,736,33.40489130434783,-0.2773488213409827
CC00815XX15_4120,734,32.70299727520436,-0.2768938575904214
CC00816XX16_40010,734,33.92370572207084,-0.24809672900014346
CC00818XX18_4020,735,34.13333333333333,-0.28108454868192395
CC00822XX14_15710,736,32.78260869565217,-0.25098785158087544
CC00823XX15_15810,735,36.36734693877551,-0.2869458972859227
CC00823XX15_27810,733,33.129604365620736,-0.2952924372109441
CC00824XX16_38310,732,33.15300546448088,-0.24418560266368503
CC00829XX21_17610,733,35.13506139154161,-0.346613844573025
CC00829XX21_27411,733,33.634379263301504,-0.31183298031651724
CC00830XX14_18910,736,36.27173913043478,-0.3098269219665023
CC00830XX14_30710,734,34.2724795640327,-0.27419226581152273
CC00833XX17_20510,733,32.0,-0.267423767633304
CC00834XX18_21210,733,36.027285129604365,-0.33233944051096476
CC00838XX22_21910,736,36.22554347826087,-0.3142924153892668
CC00838XX22_30610,732,35.112021857923494,-0.3183981113666683
CC00840XX16_24910,737,32.93080054274084,-0.2813879505668241
CC00841XX17_1730,735,35.817687074829934,-0.290521441238125
CC00843XX19_4330,733,33.39972714870396,-0.29141210445255095
CC00845AN21_26510,733,36.96862210095498,-0.3038675206144423
CC00845AN21_32010,731,34.72777017783858,-0.2886971491652692
CC00845BN21_26410,735,34.601360544217684,-0.3102121225609767
CC00845BN21_32110,737,38.469470827679785,-0.2981971523832413
CC00846XX22_26710,732,32.114754098360656,-0.24572230874641532
CC00850XX09_4930,730,32.04931506849315,-0.26076141653625085
CC00851XX10_42010,732,33.44808743169399,-0.275463618012503
CC00852XX11_28210,734,32.41961852861036,-0.24701799823946927
CC00853XX12_7330,730,33.63835616438356,-0.27625222929973176
CC00854XX13_41810,732,30.349726775956285,-0.2410461003322766
CC00855XX14_30210,735,31.654421768707483,-0.2995775708754161
CC00855XX14_530,731,32.86183310533516,-0.28289276017943876
CC00856XX15_15330,732,34.36612021857923,-0.302609307375423
CC00858XX17_32210,730,30.528767123287672,-0.25712097858288485
CC00860XX11_7030,732,31.91256830601093,-0.29581216792099374
CC00861XX12_20830,732,35.86065573770492,-0.27880879141927384
CC00865XX16_12330,736,35.71195652173913,-0.2850026964566555
CC00867XX18_37111,735,38.10612244897959,-0.31679376730498227
CC00867XX18_8930,730,31.684931506849313,-0.2743511909970992
CC00868XX19_16530,736,33.141304347826086,-0.25180590985493123
CC00871XX14_38810,733,32.18553888130969,-0.2799201502738676
CC00875XX18_16630,733,31.41882673942701,-0.2469306291140124
CC00879XX22_7430,732,32.505464480874316,-0.27408977373494586
CC00881XX16_20230,730,34.054794520547944,-0.29356345996652455
CC00882XX17_13030,731,30.147742818057456,-0.24576210910088142
CC00884XX19_17230,731,33.362517099863204,-0.2826607465235521
CC00886XX21_18030,733,33.631650750341066,-0.273066628121762
CC00889AN24_2220,735,36.16598639455783,-0.2969185604277606
CC00889AN24_9230,733,34.98772169167803,-0.28455291603417715
CC00889BN24_2320,733,37.08867667121419,-0.2922389830860126
CC00889BN24_9330,731,36.303693570451436,-0.29325862489012977
CC00890XX17_13330,733,32.570259208731244,-0.258871284885268
CC00891XX18_30630,735,36.54965986394558,-0.30937500084322267
CC00894XX21_3020,735,38.01904761904762,-0.31233228869686097
CC00898XX25_33330,735,34.47074829931973,-0.2858366903322633
CC00907XX16_19230,733,33.1787175989086,-0.27239101089751105
CC00907XX16_4230,733,30.870395634379264,-0.30472622619978784
CC00908XX17_37030,737,34.05427408412483,-0.287332409259306
CC00909XX18_43730,731,32.62380300957592,-0.2905803188646905
CC00911XX12_18830,732,32.66393442622951,-0.265942355300654
CC00914XX15_30130,734,33.822888283378745,-0.2578155634863358
CC00915XX16_18530,732,32.814207650273225,-0.2755741146533468
CC00917XX18_39130,734,31.51226158038147,-0.29483709363203925
CC00919XX20_7830,734,34.741144414168936,-0.3263561261758046
CC00922XX15_44730,733,33.44338335607094,-0.27258627699111354
CC00923XX16_48430,726,29.011019283746556,-0.2547388175074077
CC00924XX17_36330,726,34.446280991735534,-0.2779716219255381
CC00925XX18_46230,731,32.21614227086183,-0.28716879746495505
CC00926XX19_35330,730,30.224657534246575,-0.2630150037189661
CC00928XX21_37430,734,39.55313351498638,-0.31533968035227977
CC00933XX18_10830,731,31.64158686730506,-0.3142838064804157
CC00933XX18_20530,733,34.346521145975444,-0.2926121584206084
CC00936XX21_11431,735,35.564625850340136,-0.33299218830406707
CC00938XX23_47931,733,33.75716234652115,-0.33185073952590144
CC00939XX24_36230,732,33.650273224043715,-0.30038437462438033
CC00945AN22_13730,730,32.92602739726028,-0.3113198989515711
CC00945BN22_14330,732,35.724043715846996,-0.3096856005987451
CC00946XX23_15230,733,32.068212824010914,-0.308087466667841
CC00946XX23_26330,733,32.52660300136426,-0.2751490534141848
CC00947XX24_43430,729,32.869684499314126,-0.261747195863309
CC00948XX25_30030,733,30.73669849931787,-0.257052799665945
CC00949XX26_55630,731,32.31737346101231,-0.2512852034084258
CC00954XX14_18930,734,37.44141689373297,-0.34667579729414066
CC00954XX14_35030,735,32.47074829931973,-0.24313016826758282
CC00955XX15_21030,733,35.37244201909959,-0.3273837415265614
CC00956XX16_37730,734,29.96457765667575,-0.2449145543543847
CC00958XX18_40630,730,32.35616438356164,-0.291542337894496
CC00964XX16_21430,734,35.49863760217983,-0.3062275567128732
CC00966XX18_46430,733,32.73396998635744,-0.27174054336929765
CC00967XX19_58330,733,37.260572987721694,-0.24869670763021476
CC00971XX15_45431,735,31.937414965986395,-0.23629488023616824
CC00973XX17_66030,733,30.616643929058664,-0.2698145266560414
CC00974XX18_46931,735,31.104761904761904,-0.23721310835708032
CC00976XX20_64331,736,31.04891304347826,-0.25149351237671497
CC00979XX23_25330,735,30.293877551020408,-0.29608912739928167
CC00980XX16_66630,732,33.513661202185794,-0.23144369717554497
CC00986AN22_26730,733,35.40518417462483,-0.32472550760923663
CC00986AN22_41730,735,32.307482993197276,-0.27569065797321773
CC00986BN22_26830,734,34.782016348773844,-0.3001368429986699
CC00986BN22_41830,737,33.05291723202171,-0.283846806103033
CC00987XX23_66031,729,34.030178326474626,-0.2639473066505299
CC00990XX18_70230,735,34.55238095238095,-0.289852247260233
CC00992XX20_62530,735,35.13469387755102,-0.2620662142934266
CC00997BN25_33630,730,32.704109589041096,-0.3118226997475892
CC00997BN25_56430,736,34.52989130434783,-0.2474355089832229
CC00998AN26_34030,730,34.87671232876713,-0.30830223319528394
CC00998BN26_33930,735,33.929251700680275,-0.31778196499853717
CC01004XX06_51630,734,33.15803814713897,-0.2994084234632672
CC01005XX07_36930,732,33.53551912568306,-0.3443291494762647
CC01005XX07_49930,732,34.204918032786885,-0.3085135028690402
CC01006XX08_38531,733,33.053206002728516,-0.32938796397106657
CC01006XX08_62330,734,37.39782016348774,-0.2846104792693236
CC01007XX09_67630,735,34.10612244897959,-0.23099058795507277
CC01009XX11_39030,733,31.72169167803547,-0.33471074416474805
CC01011XX05_42230,734,34.3133514986376,-0.308070014980721
CC01014XX08_59530,734,39.34877384196185,-0.2533322167056371
CC01018XX12_46130,734,33.6566757493188,-0.3100255056649462
CC01019XX13_79330,726,33.49862258953168,-0.3208423329469685
CC01020XX06_72930,731,36.867305061559506,-0.3034401638753935
CC01022XX08_79430,734,32.09264305177112,-0.2731351741006629
CC01023XX09_74030,731,31.305061559507525,-0.28668868197915875
CC01024XX10_78730,733,33.68349249658936,-0.2470235413773358
CC01025XX11_50230,735,34.6421768707483,-0.3014184751364105
CC01025XX11_61330,730,29.232876712328768,-0.2778859866665676
CC01027XX13_82630,733,36.81582537517053,-0.2882539745509314
CC01032XX10_77330,732,33.32786885245902,-0.28647940176926223
CC01034XX12_51730,735,34.28843537414966,-0.2682953218492133
CC01037XX15_77430,733,33.9099590723056,-0.30049594644418515
CC01038XX16_52230,731,31.384404924760602,-0.3439405256367633
CC01038XX16_67330,733,36.59481582537517,-0.2458577438269986
CC01041XX11_81131,732,34.513661202185794,-0.2872448488064479
CC01042XX12_74431,733,33.893587994542976,-0.27648896570402265
CC01044XX14_72531,734,33.01089918256131,-0.2935007583565225
CC01045XX15_54630,732,32.67486338797814,-0.2985856348772304
CC01046XX16_54730,736,36.557065217391305,-0.30596371356765406
CC01050XX03_82330,734,32.572207084468666,-0.2500300119146416
CC01053XX06_69230,730,31.69041095890411,-0.2779401837695721
CC01055XX08_77830,734,35.27792915531335,-0.25539193526121057
CC01059AN12_72130,734,34.967302452316076,-0.29025749881347684
CC01059BN12_72330,733,32.251023192360165,-0.29251596762588394
CC01059CN12_72230,734,31.572207084468666,-0.26908102489590313
CC01069XX14_79730,733,32.75306957708049,-0.3030158400980912
CC01070XX07_86430,736,35.46195652173913,-0.27399037200278364
CC01074XX11_63930,732,34.950819672131146,-0.24468098714327335
CC01077XX14_65230,737,38.83582089552239,-0.2940028924720043
CC01077XX14_78430,734,32.76566757493188,-0.28034481003030076
CC01080XX09_68030,732,34.73224043715847,-0.3338978254218128
CC01080XX09_77730,735,37.47210884353741,-0.2889001108749432
CC01082XX11_68830,737,35.94301221166893,-0.29807554824880295
CC01084XX13_69330,729,30.156378600823047,-0.2798612837514868
CC01086XX15_100430,732,32.35245901639344,-0.2525973507623473
CC01087XX16_99430,735,32.61768707482993,-0.25135873120639957
CC01093AN14_75130,732,31.685792349726775,-0.27591628107723987
CC01093BN14_75230,734,35.0,-0.2788040452491274
CC01096XX17_76130,733,31.80900409276944,-0.2821698917045514
CC01104XX07_82830,725,35.19724137931034,-0.2987199969492354
CC01105XX08_99330,731,29.879616963064297,-0.25060393266095854
CC01111XX06_100031,734,34.572207084468666,-0.23800762035627807
CC01116AN11_84230,736,39.15217391304348,-0.2908739481313654
CC01116BN11_84330,732,39.30601092896175,-0.2828498791947993
CC01117XX12_84730,732,32.5,-0.30922413748162114
CC01129XX16_101430,731,37.316005471956224,-0.2428822705304262
CC01145XX16_98330,735,31.036734693877552,-0.24999878504723216
CC01153AN07_102030,735,34.266666666666666,-0.2785649118632479
CC01154XX08_102230,728,36.20054945054945,-0.2974786621066443
CC01176XX14_132530,735,34.737414965986396,-0.2760501454730286
CC01190XX12_143030,733,34.05184174624829,-0.24315665621274038
CC01191XX13_130330,735,36.903401360544215,-0.2834331648976101
CC01192XX14_147330,735,37.159183673469386,-0.27832116667957635
CC01194XX16_149530,732,33.52459016393443,-0.2996838072706586
CC01195XX17_152230,730,33.441095890410956,-0.2665347657857684
CC01198XX20_140930,736,34.03260869565217,-0.27740847870484214
CC01199XX21_141130,733,32.892223738062754,-0.23368669200532385
CC01205XX09_142730,734,34.15258855585831,-0.3259176470301108
CC01205XX09_150530,736,37.57065217391305,-0.32544173113956243
CC01206XX10_143530,734,33.038147138964575,-0.27785696061523363
CC01207XX11_150330,732,34.76229508196721,-0.27398412708354924
CC01208XX12_144731,731,32.08207934336525,-0.2843085944938117
CC01208XX12_149630,735,35.374149659863946,-0.289767402416867
CC01209XX13_144830,735,31.904761904761905,-0.289415030275727
CC01210XX06_145030,732,33.67486338797814,-0.3055096912560781
CC01211XX07_145930,736,32.432065217391305,-0.34607311101236604
CC01212XX08_146030,732,33.73497267759563,-0.33247653633212243
CC01215XX11_146331,733,34.45020463847203,-0.3076826365684696
CC01218XX14_147430,735,35.82857142857143,-0.3174922134975333
CC01218XX14_157231,733,36.23738062755798,-0.22640274306687716
CC01220XX08_148731,735,32.10612244897959,-0.30374429718957685
CC01222XX10_149231,737,34.42062415196744,-0.297714107215973
CC01223XX11_149330,735,32.74013605442177,-0.28203974980463237
CC01229XX17_155630,731,35.16279069767442,-0.3187042841481903
CC01232AN12_152530,732,30.693989071038253,-0.3292783834281327
CC01232BN12_152130,735,34.6530612244898,-0.2270024090579607
CC01234AN14_155030,731,32.47879616963064,-0.275257424865182
CC01234BN14_155230,731,37.68809849521204,-0.2654308847810599
CC01236XX16_155830,732,33.40710382513661,-0.26467235882356266
